,code_commune,mean,median
0,77001,1217.4653846153847,880.0
1,77002,933.5357142857143,570.0
2,77004,1267.8966666666668,653.0
3,77005,1176.6828,1131.93
4,77006,937.63,916.04
5,77007,483.405,483.405
6,77008,629.2371428571429,613.55
7,77010,991.5605555555555,580.36
8,77011,821.4680000000001,582.09
9,77013,600.0,600.0
10,77014,1368.6076923076923,1065.77
11,77015,288.46,288.46
12,77016,874.901111111111,538.66
13,77018,1602.1628947368422,1480.865
14,77019,545.49125,506.15
15,77020,665.1307692307693,660.0
16,77022,1507.015,1088.2450000000001
17,77023,842.8316666666666,805.4449999999999
18,77024,531.5425,512.0
19,77025,431.8066666666667,446.93
20,77026,543.415,543.415
21,77029,991.7750000000001,991.7750000000001
22,77030,542.322,448.05
23,77031,707.684,662.765
24,77032,758.1142857142858,839.29
25,77034,992.2566666666667,903.835
26,77035,1050.1633333333332,685.46
27,77037,1580.64,1316.67
28,77038,738.658,677.63
29,77039,951.9084210526315,880.0
30,77040,694.8159259259259,657.4
31,77041,1008.2950000000001,1008.2950000000001
32,77042,735.4466666666667,614.1600000000001
33,77043,847.185,847.185
34,77044,658.5055555555556,516.0
35,77045,404.345,404.345
36,77046,735.765,551.12
37,77047,894.8451724137932,800.6
38,77048,1219.6782758620689,1093.75
39,77049,937.6842105263158,810.0
40,77050,438.375,438.375
41,77051,502.9472727272727,444.44
42,77052,932.39,913.09
43,77053,1139.9154081632653,1086.35
44,77054,571.3475,581.575
45,77055,1148.4113636363636,1041.9650000000001
46,77057,531.0649999999999,507.195
47,77058,1791.1277477477477,1505.38
48,77059,1121.285,1189.35
49,77060,762.386,778.99
50,77061,758.8558333333334,487.475
51,77062,993.78,993.78
52,77063,1228.9630000000002,1237.115
53,77065,973.296875,890.9100000000001
54,77066,649.7266666666666,695.27
55,77067,1145.702142857143,1118.6750000000002
56,77069,1103.7333333333333,1110.125
57,77070,625.888,519.595
58,77071,357.42,345.84
59,77073,628.645,628.645
60,77075,1345.262,1064.7
61,77076,453.21857142857147,440.0
62,77077,1041.4353846153847,940.0
63,77078,706.0753333333333,600.0
64,77079,833.6042857142858,623.44
65,77080,521.15,477.2
66,77081,571.2716666666666,548.9
67,77082,867.12375,752.05
68,77083,1332.7893150684931,1203.88
69,77084,683.3642105263158,631.27
70,77085,1471.151724137931,1246.15
71,77086,612.4533333333334,568.245
72,77087,1287.13,1287.13
73,77088,745.1609677419356,580.83
74,77089,668.5377777777778,668.0
75,77090,445.6766666666667,406.84
76,77091,644.0871428571429,686.37
77,77093,585.6999999999999,432.975
78,77094,1069.4850000000001,1069.4850000000001
79,77095,1053.113125,944.0
80,77096,1120.1091304347826,1012.94
81,77097,486.55,535.71
82,77098,540.0,540.0
83,77099,505.63,382.4
84,77100,801.2208823529411,685.0
85,77101,635.3788888888889,578.95
86,77103,1082.364,715.62
87,77104,1091.1399999999999,1063.54
88,77106,551.5342857142857,469.27
89,77107,955.7461538461539,785.91
90,77108,1075.041580882353,1000.0
91,77109,720.9875000000001,534.245
92,77111,1450.7646153846154,1168.34
93,77113,1023.6659999999999,860.0
94,77114,898.634,844.76
95,77115,582.855,582.855
96,77116,690.1216666666666,564.745
97,77117,476.5,476.5
98,77118,1099.1423333333332,971.88
99,77120,573.37,573.37
100,77121,1318.1506896551725,1124.74
101,77122,1033.0566923076922,901.27
102,77123,707.275,744.6099999999999
103,77124,1333.2473684210527,1200.0
104,77125,1031.360909090909,666.25
105,77126,930.9864705882353,576.39
106,77127,1187.92375,1117.005
107,77128,867.8458823529412,772.0
108,77129,876.2639999999999,1000.0
109,77130,689.31,689.31
110,77131,756.3473626373626,587.7
111,77132,1083.3971875,906.25
112,77133,415.02,415.02
113,77134,477.0,477.0
114,77135,663.466875,528.9649999999999
115,77137,502.07,502.07
116,77138,697.9685714285714,645.71
117,77139,1095.514696969697,1000.0450000000001
118,77140,790.4633333333333,399.72
119,77141,1142.7458333333334,1053.11
120,77142,924.3385106382977,853.33
121,77143,1057.7065116279068,964.63
122,77144,772.57375,695.27
123,77145,746.7719999999999,675.0
124,77146,1189.5121428571426,1054.8600000000001
125,77147,608.8700000000001,614.0
126,77148,774.79,701.8399999999999
127,77150,791.4383333333334,804.9
128,77151,828.495,828.495
129,77152,806.052435897436,716.8199999999999
130,77153,965.6585714285713,800.42
131,77154,1079.918181818182,1037.94
132,77155,1015.2749019607844,885.61
133,77156,753.88375,706.03
134,77157,726.4925000000001,523.76
135,77158,1183.67,1183.67
136,77159,571.3405,477.29499999999996
137,77161,547.9733333333334,468.13
138,77162,797.0229411764706,618.42
139,77163,790.412,564.37
140,77164,633.0316666666666,680.9749999999999
141,77165,589.88,530.6
142,77167,1074.96,1074.96
143,77168,606.9447058823529,508.84
144,77169,1525.6237931034482,1517.54
145,77171,1054.290923076923,934.96
146,77172,411.66499999999996,411.66499999999996
147,77173,639.92125,593.3299999999999
148,77174,560.2275,562.005
149,77175,1189.17875,1116.065
150,77176,837.7952380952381,683.65
151,77177,1312.3061538461538,1138.9
152,77178,470.1066666666666,469.0
153,77179,1242.6966666666667,1252.175
154,77180,1096.8383333333334,1150.0
155,77181,1363.2350000000001,1213.775
156,77182,584.6852173913044,484.41
157,77183,760.5213888888889,656.19
158,77184,584.5862500000001,440.615
159,77185,787.59375,788.0699999999999
160,77186,2406.189411764706,2264.705
161,77188,1043.5375,924.65
162,77190,705.81,578.41
163,77191,611.4585714285714,593.69
164,77192,861.4465909090909,763.405
165,77193,1041.045,1041.045
166,77194,966.5124999999999,939.29
167,77195,856.0862500000001,730.815
168,77196,809.76,770.5799999999999
169,77197,630.43,630.43
170,77199,860.9624137931035,734.0
171,77201,1042.5666666666666,792.76
172,77202,1036.7933333333333,820.73
173,77203,1178.0121428571426,1089.51
174,77205,1367.5,1367.5
175,77206,1254.7733333333333,920.0
176,77207,719.76,719.76
177,77208,592.2,558.765
178,77209,1159.578,1058.035
179,77210,545.1012000000001,469.39
180,77211,659.14375,549.345
181,77214,1188.7784615384614,974.93
182,77215,960.60953125,879.31
183,77216,931.1205555555555,786.7149999999999
184,77217,1068.933611111111,944.1700000000001
185,77219,918.4592307692308,785.0
186,77220,1122.5,1122.5
187,77221,1372.797142857143,1507.46
188,77222,870.4221276595744,803.17
189,77223,1373.8725,520.765
190,77224,880.0,880.0
191,77225,803.5475,739.81
192,77226,864.9082352941177,783.44
193,77227,452.825,419.0
194,77228,434.8866666666666,426.83
195,77229,844.72125,629.455
196,77231,696.4266666666667,580.0
197,77232,1137.975,1020.0
198,77233,850.22875,567.0
199,77234,1057.6838461538462,887.22
200,77235,570.8625,581.6949999999999
201,77236,504.76,504.76
202,77237,1338.106,1369.05
203,77238,679.094716981132,588.0
204,77239,586.9046153846155,554.15
205,77240,603.5114285714286,559.5
206,77241,1154.041875,982.825
207,77242,579.87,473.68
208,77243,1254.658899082569,1074.74
209,77244,716.795,649.88
210,77245,400.0,400.0
211,77247,633.75,518.0
212,77248,1139.685,1298.2
213,77249,1287.3626086956522,1102.375
214,77250,710.825,710.825
215,77251,1249.5825333333335,1211.45
216,77252,719.906,780.67
217,77253,677.8675000000001,589.27
218,77254,962.08,931.0
219,77255,669.5665,654.38
220,77256,367.13,367.13
221,77257,728.5763157894737,732.15
222,77258,1612.9391666666668,1598.175
223,77259,861.1784615384615,700.41
224,77260,521.41875,459.51
225,77261,1062.868888888889,1052.0
226,77262,431.35999999999996,444.33
227,77263,520.08,470.08000000000004
228,77264,786.0461538461539,633.33
229,77265,681.9916666666667,560.105
230,77266,1241.536,1168.78
231,77267,450.0,450.0
232,77268,1758.8550666666667,1514.37
233,77269,1048.1685714285716,1018.62
234,77270,1058.1908333333333,824.13
235,77271,675.81,675.81
236,77272,521.8533333333334,471.27
237,77273,977.2926666666666,759.12
238,77274,753.78375,748.47
239,77275,522.385,522.385
240,77276,1109.5145454545454,960.0
241,77277,1125.9609090909091,950.255
242,77278,980.75,900.07
243,77279,515.2283333333334,470.17999999999995
244,77280,773.6621428571428,600.315
245,77281,779.671,842.44
246,77283,611.6211111111111,608.35
247,77284,1052.8421323529412,885.0
248,77285,800.6365789473684,735.275
249,77286,1027.655,1027.655
250,77287,950.08,950.08
251,77288,1050.85,833.645
252,77289,706.26,706.26
253,77290,712.82,733.64
254,77291,885.51375,791.2
255,77292,820.05,800.44
256,77293,555.3466666666667,506.755
257,77294,898.5787050359712,808.06
258,77295,807.3774999999999,597.295
259,77296,1061.4714285714285,1013.79
260,77298,560.1633333333333,545.7149999999999
261,77300,988.4983333333333,971.5350000000001
262,77301,595.76,595.76
263,77302,597.9482352941177,506.48
264,77305,926.1036585365854,741.8
265,77307,1358.455172413793,1200.24
266,77308,1042.16,1073.3
267,77309,950.3357142857143,739.0
268,77311,738.7863636363636,720.0
269,77312,915.8451851851852,800.0
270,77313,1466.39,1466.39
271,77314,708.5866666666667,840.0
272,77315,919.1480769230768,800.39
273,77316,966.8274698795179,817.07
274,77317,759.60375,621.62
275,77318,921.6646666666667,656.06
276,77320,740.5536619718309,605.82
277,77321,721.63,561.68
278,77322,990.0300000000001,915.95
279,77323,1318.0085714285713,1320.3899999999999
280,77325,385.28999999999996,385.28999999999996
281,77326,1096.396304347826,1096.685
282,77327,731.8254901960784,642.47
283,77328,1038.0349999999999,641.275
284,77329,566.74,533.5550000000001
285,77330,952.2866101694915,835.44
286,77331,668.06,576.12
287,77332,757.8275,573.87
288,77333,743.432,636.18
289,77335,867.828,778.0
290,77336,1134.7718750000001,990.565
291,77337,1361.2204166666668,1334.57
292,77338,718.715,808.065
293,77339,1449.8645454545456,1217.875
294,77340,712.605,564.9
295,77342,647.5,647.5
296,77343,569.3399999999999,569.3399999999999
297,77344,897.1565116279071,783.78
298,77345,439.83,439.83
299,77347,515.66,516.13
300,77348,512.675,512.675
301,77349,853.4148101265823,780.0
302,77350,1035.6280869565217,980.56
303,77352,694.32,629.595
304,77353,544.3399999999999,544.3399999999999
305,77354,932.992,493.1
306,77355,808.45,808.45
307,77357,916.2116666666666,794.8399999999999
308,77358,818.043,738.6
309,77359,893.7,804.0
310,77360,949.85625,1020.0
311,77361,912.7014285714286,910.0
312,77363,1047.0852941176472,832.73
313,77365,896.9157142857142,630.0
314,77366,657.1225,641.8900000000001
315,77367,674.21,674.21
316,77368,777.5766666666667,760.23
317,77369,871.7854545454545,776.27
318,77370,780.4928571428571,929.49
319,77371,915.6883870967742,785.95
320,77372,948.6063636363637,828.905
321,77373,1174.2326842105263,1078.855
322,77374,1202.6341666666667,1133.425
323,77376,953.6433333333333,814.11
324,77377,964.6033333333332,892.86
325,77378,830.0314705882353,691.225
326,77379,988.7577777777777,825.08
327,77380,742.202,660.0
328,77381,763.4628571428572,530.0
329,77382,1045.48,936.0
330,77383,572.46,517.08
331,77384,1024.3977777777777,1008.98
332,77385,758.920909090909,552.31
333,77386,1040.3483333333334,871.24
334,77387,840.8866666666667,972.0
335,77388,686.1385714285715,600.56
336,77389,740.4784210526316,706.86
337,77390,1191.0326086956522,1090.91
338,77391,1057.52,1057.52
339,77392,845.2754545454544,811.82
340,77393,739.3313333333333,678.355
341,77394,885.0948148148149,769.0
342,77395,527.9875,501.0
343,77397,628.4005555555555,540.0
344,77398,637.1257142857143,540.0
345,77400,976.9503125,974.01
346,77401,801.7429411764706,690.0
347,77402,1000.0,1000.0
348,77403,576.8625,617.6949999999999
349,77404,543.1825,552.72
350,77405,993.7091666666666,894.28
351,77406,646.4285714285714,558.0
352,77407,1055.1595454545454,868.24
353,77408,733.3214285714286,638.89
354,77409,652.1195652173913,532.97
355,77410,803.9722222222222,813.61
356,77411,725.9007692307694,610.0
357,77412,1006.83,1079.905
358,77413,1059.3271111111112,940.75
359,77414,732.9866666666667,464.84
360,77415,970.5319999999999,643.56
361,77416,1182.7666666666667,607.59
362,77417,660.0,660.0
363,77418,545.9916666666667,510.65
364,77419,797.92,578.29
365,77420,837.261923076923,800.375
366,77421,597.1360000000001,503.28
367,77423,664.21375,515.0
368,77424,840.24,840.24
369,77425,1033.1025,860.095
370,77426,710.02,710.02
371,77427,1130.69,947.29
372,77428,784.87375,590.0
373,77429,1016.2771428571428,1120.0
374,77430,859.1058928571429,768.0
375,77431,662.452,507.49
376,77432,900.8142857142857,593.43
377,77433,946.8738461538462,636.075
378,77434,590.975,590.975
379,77435,1647.4175,1276.72
380,77436,815.246,845.3050000000001
381,77437,956.1641463414633,865.67
382,77438,1172.5911320754717,1123.12
383,77439,699.8988888888889,506.0
384,77440,878.38,896.895
385,77441,1554.8950000000002,1337.355
386,77442,905.3804761904763,805.97
387,77443,901.018,826.0
388,77444,475.65,475.65
389,77445,963.2036496350364,923.91
390,77446,451.0566666666667,470.18
391,77447,882.1288235294118,785.71
392,77448,750.671,597.0
393,77449,1681.64,1423.61
394,77450,1050.4044186046513,1006.15
395,77451,700.29,522.525
396,77452,2057.44,2057.44
397,77453,864.6205555555556,829.585
398,77454,458.97666666666663,456.52
399,77455,937.3726086956522,864.6
400,77456,585.8183333333333,560.37
401,77457,704.9017647058823,683.0
402,77458,806.4860000000001,591.82
403,77459,754.5075,441.79999999999995
404,77460,491.76666666666665,372.52
405,77461,436.19,436.19
406,77462,738.2750000000001,738.2750000000001
407,77463,1181.0188461538462,1094.87
408,77464,1082.0205319148936,1011.485
409,77465,874.516,581.08
410,77466,942.7125000000001,671.88
411,77467,572.92,572.92
412,77468,1113.3307692307692,1084.56
413,77469,998.0672222222222,810.27
414,77470,1068.5896666666665,971.84
415,77471,1359.9650000000001,1359.9650000000001
416,77472,429.91,429.91
417,77473,1051.47,918.03
418,77474,927.65,972.22
419,77475,844.4778048780487,729.28
420,77476,709.4699999999999,611.975
421,77477,1265.702,1432.67
422,77478,683.2381818181818,561.6
423,77479,1154.4182894736841,1026.255
424,77480,690.01,586.335
425,77481,478.46,478.46
426,77482,556.132,484.725
427,77483,707.1693333333334,640.0
428,77484,907.5200000000001,780.0
429,77485,953.4007142857143,898.79
430,77486,736.9060000000001,718.38
431,77487,888.44125,753.515
432,77490,830.1966666666667,983.05
433,77492,665.69,665.69
434,77493,618.8404761904761,584.29
435,77494,768.4191666666667,634.2850000000001
436,77495,1038.9266666666667,1010.83
437,77496,1072.83,1072.83
438,77498,795.725,789.7049999999999
439,77500,492.26750000000004,443.53499999999997
440,77501,1979.6983333333335,1601.46
441,77504,600.6,551.44
442,77505,614.4875,559.9749999999999
443,77506,401.85,401.85
444,77507,490.0,490.0
445,77508,982.3036363636364,829.5550000000001
446,77509,852.36,830.0
447,77510,1308.57,1286.7
448,77511,872.7049999999999,872.7049999999999
449,77512,829.0766666666666,693.8699999999999
450,77513,881.1207142857143,746.22
451,77514,961.723986013986,863.11
452,77515,816.027142857143,684.5
453,77516,701.7983333333333,695.855
454,77517,937.2517647058824,840.0
455,77519,660.932,627.17
456,77520,1105.3333333333333,859.085
457,77521,949.2639999999999,783.31
458,77523,512.37,512.37
459,77524,643.6785714285714,525.0
460,77525,1087.897,928.36
461,77526,596.7425000000001,594.485
462,77527,912.6754545454546,755.83
463,77528,748.3050000000001,625.65
464,77529,900.8663333333334,863.09
465,77531,893.6742857142857,600.0
466,77533,790.1885,685.885
467,77534,591.3263636363637,612.0
468,78003,848.7973529411765,720.54
469,78005,1366.3158823529413,1288.89
470,78006,1151.055,1151.055
471,78007,2178.8714285714286,2112.0
472,78009,835.62,835.62
473,78010,1553.012,1368.54
474,78013,915.7791666666667,920.395
475,78015,1283.612641509434,1213.45
476,78020,1037.9555555555555,893.665
477,78029,904.7319230769231,806.1400000000001
478,78030,813.317619047619,791.93
479,78031,731.806,780.0
480,78033,683.6133333333333,582.91
481,78034,923.6576923076923,890.0
482,78036,1223.3742857142856,872.95
483,78043,2023.4866666666667,1819.085
484,78048,938.4526315789473,872.02
485,78049,1045.7853846153846,894.29
486,78050,1468.9866666666667,1199.92
487,78053,1412.7,1412.7
488,78057,654.4777272727273,589.0
489,78062,897.9189285714285,829.105
490,78068,731.6966666666667,709.09
491,78070,472.9,472.9
492,78071,577.5977777777778,508.85
493,78072,836.0,836.0
494,78073,1299.1845714285714,1260.6399999999999
495,78076,709.1744444444444,684.76
496,78077,823.6999999999999,838.97
497,78082,559.848,523.77
498,78084,1052.838,1080.52
499,78087,736.9555,702.23
500,78089,698.7452173913043,589.79
501,78090,961.2991666666667,820.74
502,78092,2051.0222222222224,1607.77
503,78096,1070.13375,1066.42
504,78104,734.675,697.2950000000001
505,78107,715.0275757575757,687.0
506,78108,1054.2615384615385,1076.92
507,78113,1063.327,797.015
508,78117,2040.1525,1741.085
509,78118,808.3010714285714,726.6700000000001
510,78120,1042.364375,895.3299999999999
511,78123,1249.266046511628,1282.05
512,78124,1827.037234042553,1698.94
513,78125,1281.9771428571428,1100.0
514,78126,2062.4886666666666,1987.89
515,78128,1407.4447368421054,960.0
516,78133,1956.3053333333335,2083.33
517,78138,1105.5517021276596,973.87
518,78140,928.1964705882353,920.0
519,78143,1321.58,1168.415
520,78146,2197.0238,1837.955
521,78147,829.315,853.05
522,78152,2791.8233333333333,2500.0
523,78158,2223.748,2072.46
524,78160,1566.4807407407409,1308.61
525,78162,1188.5059999999999,1240.7
526,78163,1110.174,838.0
527,78164,1295.9685714285715,1009.01
528,78165,1277.498068181818,1181.4499999999998
529,78168,1065.8895,1018.27
530,78171,848.4781818181818,880.51
531,78172,1162.9020392156863,1078.01
532,78185,768.096,777.0
533,78188,616.7366666666667,518.4
534,78189,1207.9878571428574,1142.25
535,78190,2767.1755555555555,2544.72
536,78192,909.9511764705883,879.46
537,78193,1034.283,1066.035
538,78194,639.1675,581.335
539,78196,1556.1,1556.1
540,78202,1598.4969999999998,1600.17
541,78206,1048.7292307692308,956.65
542,78208,1393.7288888888888,1422.8
543,78209,842.5621428571429,811.0
544,78217,880.2751351351351,786.79
545,78220,1038.2727450980392,973.19
546,78224,1547.462857142857,1295.81
547,78227,942.4471428571429,993.29
548,78230,588.14,578.02
549,78231,734.8299999999999,734.8299999999999
550,78233,1813.5011111111112,1593.0749999999998
551,78234,755.4475,695.75
552,78236,926.6883333333334,878.89
553,78237,1380.1000000000001,1175.3
554,78238,1021.097857142857,742.285
555,78239,828.3433333333334,742.415
556,78242,1240.7235714285714,1132.2199999999998
557,78245,818.5066666666667,841.0
558,78246,966.9241666666667,878.5550000000001
559,78255,612.1442307692307,546.515
560,78261,1083.18,1124.0
561,78262,1060.612105263158,1014.0
562,78263,1064.9680555555556,998.85
563,78265,974.620625,908.0
564,78267,771.5202325581396,722.98
565,78269,837.662,946.44
566,78276,861.3075,853.81
567,78278,1246.68,1246.68
568,78281,860.0962499999999,716.755
569,78283,799.085,796.95
570,78285,764.98,630.0
571,78289,1243.754,1411.095
572,78290,574.454,622.49
573,78291,659.7542307692308,610.435
574,78296,852.4966666666666,856.875
575,78297,1725.37453125,1597.42
576,78299,910.9188888888889,806.71
577,78300,969.9428571428572,932.41
578,78302,1079.9375,1139.05
579,78305,1182.7775,1216.475
580,78307,959.723,858.91
581,78310,1136.5804166666667,812.9549999999999
582,78311,1858.502780748663,1722.05
583,78314,789.6951612903225,755.56
584,78317,936.9427272727273,849.0
585,78320,698.3225,666.665
586,78321,1263.870909090909,1128.17
587,78322,1664.3319999999999,1718.27
588,78324,631.82,613.2
589,78325,882.9607692307692,706.15
590,78327,776.7272972972972,694.71
591,78329,807.370625,789.0
592,78334,845.2411111111111,921.885
593,78335,768.5116494845362,650.23
594,78337,642.3921428571429,611.02
595,78343,2275.338888888889,1958.38
596,78344,456.4214285714285,469.7
597,78346,641.7076470588235,639.92
598,78349,737.7627272727273,614.17
599,78350,1727.384,1471.0349999999999
600,78354,797.9545762711864,748.66
601,78356,1358.3719999999998,1300.0
602,78358,2587.099032258064,2284.1
603,78361,1065.3922972972973,874.25
604,78362,1008.0878787878787,863.97
605,78364,1055.4015384615386,1043.48
606,78366,1102.67875,1190.4650000000001
607,78367,1571.28125,1493.0
608,78368,976.4805555555556,932.665
609,78372,1640.6433333333334,1493.585
610,78380,983.1536764705882,904.475
611,78381,864.8210000000001,775.5450000000001
612,78382,1149.7516,1084.15
613,78383,1236.922619047619,1214.69
614,78384,1071.8754545454544,792.21
615,78385,725.145,725.145
616,78389,1202.6038461538462,1092.0
617,78391,1099.3725,986.105
618,78396,2213.944210526316,2119.17
619,78397,1109.0924615384615,1023.3
620,78398,1102.18625,1030.3600000000001
621,78401,761.8027272727272,660.38
622,78402,1004.6641860465115,794.0
623,78403,839.3000000000001,813.26
624,78404,1291.995,1291.995
625,78407,912.3199999999999,912.3199999999999
626,78410,732.4625,720.125
627,78415,1262.2933333333333,1247.49
628,78417,967.1300000000001,967.1300000000001
629,78418,1960.6997101449276,1791.01
630,78420,1458.3086666666668,1285.37
631,78423,1917.3223809523809,1865.975
632,78431,1505.0153488372093,1285.8
633,78437,605.6925,570.985
634,78439,770.0,770.0
635,78440,798.8225316455696,732.26
636,78442,1225.32,1091.275
637,78443,1161.5142857142857,1142.0
638,78444,699.9958333333334,652.12
639,78451,733.8128571428572,629.415
640,78455,1883.11,1664.425
641,78460,782.8407692307693,610.0
642,78464,852.6800000000001,644.9649999999999
643,78465,974.7316666666667,763.6500000000001
644,78466,1346.9522222222222,1248.9
645,78470,774.43,762.625
646,78472,511.22499999999997,509.44999999999993
647,78474,648.135625,644.435
648,78475,910.234,935.0
649,78481,1840.244193548387,1596.83
650,78484,807.7485714285714,724.22
651,78486,849.1303389830509,764.0
652,78490,1365.9895505617978,1323.72
653,78497,1355.5285714285715,1317.2
654,78498,1544.263943661972,1390.0
655,78499,699.908,755.335
656,78501,613.4395833333333,551.62
657,78502,1562.4818181818182,1420.0
658,78505,726.39,630.685
659,78506,828.415,671.1700000000001
660,78513,1053.8616666666667,1107.565
661,78516,917.1066666666666,808.525
662,78517,1234.0008965517243,1159.22
663,78520,834.6566666666666,794.72
664,78522,1002.9616666666667,916.37
665,78530,725.69,725.69
666,78531,683.009696969697,619.525
667,78537,788.9176470588236,653.19
668,78545,1481.4353846153847,1420.1
669,78548,703.28,703.28
670,78550,1075.9391666666668,1054.705
671,78551,1883.7320000000002,1815.79
672,78557,1164.8044444444445,1149.76
673,78558,514.01,538.46
674,78559,1316.90875,760.75
675,78561,1166.59,1166.59
676,78562,1070.236956521739,1003.29
677,78564,671.3019999999999,626.255
678,78565,947.705,838.06
679,78567,1003.3720000000001,1132.0
680,78569,643.2637500000001,656.73
681,78571,1971.4964705882355,1503.01
682,78575,1097.9250943396225,1050.4
683,78576,1146.8014285714285,1155.4
684,78586,1712.6019196428572,1597.2849999999999
685,78588,1470.875,1506.58
686,78590,1208.4433333333334,1054.515
687,78591,863.0255999999999,770.0
688,78597,1152.0114285714285,820.0
689,78601,856.2375,667.8
690,78605,910.1111764705882,800.0
691,78608,586.4300000000001,586.4300000000001
692,78609,851.82,710.2
693,78615,1593.0785714285714,1579.91
694,78616,947.3060000000002,869.03
695,78618,819.735,785.4
696,78620,1731.86,1453.86
697,78621,1010.9408108108107,918.73
698,78623,1120.7145454545455,1050.0
699,78624,1230.9753,1145.155
700,78638,991.9398076923078,967.015
701,78640,2332.87,2227.1549999999997
702,78642,1296.615,1213.3400000000001
703,78643,1281.1068518518518,1197.205
704,78644,1028.848,894.8199999999999
705,78646,2514.8033333333333,2019.425
706,78647,1008.9471428571429,720.0
707,78650,2563.4590909090907,1851.24
708,78653,1005.0,1005.0
709,78655,941.215,874.0
710,78668,607.375,591.105
711,78672,1977.4058333333332,1518.615
712,78674,1504.703,1416.125
713,78677,957.9799999999999,887.3
714,78681,1058.09875,897.27
715,78683,1122.9988,1002.75
716,78686,2463.1130000000003,2133.8999999999996
717,78688,1667.3016666666667,1631.9250000000002
718,91016,603.3852631578948,524.96
719,91017,774.3566666666667,773.2950000000001
720,91021,985.8508571428571,828.88
721,91022,516.0,516.0
722,91027,1061.509756097561,986.91
723,91035,507.09000000000003,507.09000000000003
724,91037,716.89,612.24
725,91038,716.6859999999999,767.1
726,91041,1189.225,1070.6
727,91044,1156.2992857142858,970.425
728,91045,837.8666176470588,740.045
729,91047,758.7284615384615,632.04
730,91064,1497.8845833333335,1468.3600000000001
731,91067,377.35,377.35
732,91069,905.4959999999999,442.8
733,91079,622.3633333333333,630.31
734,91080,632.7792307692307,604.03
735,91081,545.96,545.96
736,91085,987.4158333333334,949.605
737,91086,1106.6426086956521,1046.69
738,91093,1198.636,823.68
739,91095,738.725625,680.7850000000001
740,91097,930.5849999999999,909.06
741,91098,701.86,739.45
742,91099,649.0992105263158,612.27
743,91100,628.8275,639.94
744,91103,959.7278301886791,886.435
745,91105,878.5227777777778,764.04
746,91106,770.01,698.115
747,91109,803.06875,665.13
748,91111,893.8145714285715,829.74
749,91114,997.4892397660819,916.46
750,91115,970.4815384615384,866.56
751,91121,624.412,412.93
752,91122,1132.6646153846154,1045.955
753,91129,762.9121739130435,680.0
754,91130,910.71,910.71
755,91131,742.9742857142857,613.02
756,91132,1070.42,1113.7849999999999
757,91135,717.9169230769231,714.49
758,91136,871.36,680.26
759,91137,548.7842857142857,448.4
760,91156,859.9963157894737,852.42
761,91159,776.03125,691.13
762,91161,1223.347659574468,1171.43
763,91174,847.8980281690141,698.36
764,91175,696.6255,704.62
765,91179,833.7445714285715,783.13
766,91180,1393.266,982.4
767,91184,1039.7733333333333,566.37
768,91186,568.54,568.54
769,91191,1034.9760869565218,968.665
770,91195,964.4125,992.0550000000001
771,91198,623.2438888888888,595.69
772,91200,932.34890625,918.75
773,91201,1069.0010975609755,1002.3
774,91204,736.4233333333333,745.4100000000001
775,91207,974.9739285714286,873.22
776,91215,961.6466666666666,967.1300000000001
777,91216,1131.3220270270272,1097.955
778,91223,884.4842268041238,739.64
779,91225,1246.6935714285714,1238.2849999999999
780,91226,709.6448333333334,621.9
781,91228,1050.8430434782608,913.33
782,91232,715.4812499999999,626.25
783,91235,927.9161538461539,844.91
784,91243,959.4927272727273,733.67
785,91244,846.2773333333333,869.57
786,91247,668.86625,660.2650000000001
787,91249,869.9599999999999,863.04
788,91272,1298.781844660194,1087.05
789,91273,712.66,653.35
790,91274,1802.2239999999997,2072.22
791,91275,952.14,758.06
792,91284,681.2791666666667,621.5999999999999
793,91286,813.235625,802.085
794,91292,824.0142857142857,717.7
795,91293,664.9275,570.165
796,91294,672.4814285714285,580.0
797,91312,1275.655632183908,1193.47
798,91315,770.4919230769231,667.505
799,91318,764.4657142857143,684.6
800,91319,1759.95,1759.95
801,91326,1111.0436111111112,1037.255
802,91330,783.9418461538462,686.09
803,91332,750.9158333333334,608.265
804,91333,883.6447619047619,850.44
805,91338,1047.7545283018867,827.44
806,91339,881.1287272727274,800.0
807,91340,1094.3734146341462,1064.02
808,91345,1026.1905172413794,962.45
809,91347,916.6863793103448,868.425
810,91359,540.3916666666667,524.6700000000001
811,91363,989.6474999999999,937.595
812,91376,939.9713513513514,802.19
813,91377,1558.0405555555556,1420.07
814,91378,1743.76,1743.76
815,91386,832.3995535714286,695.5450000000001
816,91390,611.6346153846154,527.5
817,91399,567.035,567.035
818,91405,941.1291304347826,852.69
819,91408,784.5528571428571,707.255
820,91411,972.1431578947369,785.0
821,91412,681.986,682.0
822,91414,623.39,549.0
823,91421,1001.351870967742,961.95
824,91425,1064.1909756097562,909.09
825,91432,997.0678999999999,905.475
826,91433,702.6748571428571,602.24
827,91434,929.3612352941177,890.4
828,91435,871.2066666666666,895.06
829,91441,961.73,961.73
830,91457,903.0173333333333,748.03
831,91458,1222.3536666666666,1219.175
832,91461,770.7946428571429,724.69
833,91463,679.89,693.28
834,91468,724.2492857142857,624.79
835,91469,689.7208333333333,610.075
836,91471,1113.1981176470588,1050.45
837,91473,715.61,715.61
838,91477,1365.2256140350878,1221.19
839,91479,1018.6121311475409,984.0
840,91482,901.885,645.665
841,91494,866.5826315789474,872.92
842,91507,460.8425,408.405
843,91508,572.7133333333333,544.655
844,91511,569.3772222222223,536.1700000000001
845,91514,901.1964179104477,828.68
846,91519,613.2875,622.975
847,91521,982.970495049505,878.38
848,91525,737.5925000000001,720.97
849,91533,625.9913333333334,505.0
850,91534,1729.1514285714286,1705.92
851,91538,1810.902,1873.74
852,91540,805.1792307692308,717.15
853,91544,645.49,657.2
854,91546,978.6533333333332,780.0
855,91547,551.1659999999999,559.4
856,91549,938.6495397489539,881.12
857,91552,941.2574666666667,814.4
858,91553,902.8316666666666,820.69
859,91556,482.15333333333336,434.26
860,91560,1341.7675,1407.53
861,91568,737.9427777777778,712.685
862,91570,961.3263829787234,843.3499999999999
863,91573,1181.3266666666666,1138.89
864,91577,905.9098484848486,769.125
865,91578,934.63,575.5699999999999
866,91579,1020.0091666666667,813.025
867,91581,905.2389999999999,810.5
868,91587,1264.3796774193547,1124.53
869,91589,1012.8401403508772,947.24
870,91593,991.8785714285715,752.6
871,91599,1041.7685714285715,1023.81
872,91600,931.1832692307692,881.375
873,91602,588.11,588.11
874,91613,515.6475,505.805
875,91617,1286.8023076923077,1215.08
876,91629,670.5844444444444,604.0
877,91630,853.1826666666667,890.6
878,91631,890.9985714285715,860.14
879,91634,882.1977777777778,820.24
880,91635,1310.8516666666667,1324.8899999999999
881,91639,721.459090909091,600.0
882,91645,1794.840985915493,1656.25
883,91648,814.3966666666668,792.02
884,91649,788.5841176470589,700.0
885,91654,796.5214285714285,734.21
886,91657,881.5145454545454,820.735
887,91659,1034.0420000000001,935.63
888,91661,1195.806875,1121.655
889,91662,792.77625,550.905
890,91665,1063.4802272727272,950.85
891,91666,1050.595,1023.625
892,91667,1044.3884375,1003.61
893,91671,918.698888888889,808.27
894,91679,1437.615,1357.455
895,91685,1114.0741666666665,970.665
896,91687,980.7100719424461,940.62
897,91689,1673.532258064516,1412.21
898,91691,1150.7994708994709,984.85
899,91692,1435.11,1435.11
900,92002,2142.7991011235954,2011.345
901,92004,3247.449285714286,3204.51
902,92007,2343.976060606061,2056.56
903,92009,2919.7375,2885.57
904,92014,2937.8936363636362,3257.865
905,92019,1535.7576470588235,1593.63
906,92020,2945.95,2977.1
907,92022,2705.0421875,2745.465
908,92023,2468.5589655172416,2403.85
909,92024,3161.375,3161.375
910,92025,2784.318951612903,2734.0699999999997
911,92026,3690.968,4064.52
912,92032,2445.805294117647,2268.11
913,92033,2615.519285714286,2548.785
914,92035,3684.192857142857,3694.58
915,92036,1976.5035999999998,1991.15
916,92040,2924.0671428571427,2516.97
917,92046,3414.8407142857145,3505.2650000000003
918,92047,1806.9,1806.9
919,92048,2736.9245,2476.1899999999996
920,92049,2904.7325,2784.64
921,92050,2454.2330864197534,2399.66
922,92060,2417.70275862069,2242.6
923,92062,3160.34,3160.34
924,92063,2536.5998734177215,2426.78
925,92064,2830.974,2777.78
926,92071,3461.6966666666667,3692.855
927,92072,2225.0033333333336,1907.27
928,92073,3722.5922222222225,3693.3
929,92075,3909.09,3909.09
930,92076,1857.4966666666667,2005.77
931,92077,2375.9875,2323.35
932,92078,1711.9381818181819,1688.74
933,93001,2202.833684210526,1775.51
934,93005,1083.4020987654321,1019.315
935,93006,2625.7746153846156,2687.21
936,93007,1167.8500465116279,1046.15
937,93008,1230.1154545454547,1153.06
938,93010,1267.3282481751826,1245.85
939,93013,1245.841875,1191.545
940,93014,949.5127906976745,879.21
941,93015,922.8370833333333,815.065
942,93027,1665.9560975609756,1538.46
943,93029,1181.3556431535271,1073.83
944,93030,1141.0533333333333,1078.37
945,93031,1305.518596491228,1280.49
946,93032,1103.0256132075472,1031.27
947,93033,1168.326037735849,1134.45
948,93045,3111.005,3111.005
949,93046,1091.5039393939394,1016.45
950,93047,877.65375,792.0250000000001
951,93048,2217.4599019607845,2229.285
952,93049,1664.5219791666666,1619.175
953,93050,1310.7413513513513,1191.22
954,93051,1403.642435897436,1257.71
955,93053,1760.193209876543,1667.03
956,93055,2680.4615384615386,3118.81
957,93057,1285.3461607142856,1210.425
958,93059,1198.993611111111,1112.83
959,93062,1719.7324528301888,1598.9
960,93063,2333.6475,2224.4049999999997
961,93064,1526.384722222222,1434.78
962,93066,1690.0914814814814,1484.02
963,93070,3622.0,3204.68
964,93071,912.8613924050634,844.76
965,93072,1053.9254285714285,982.8050000000001
966,93073,915.2258525345623,857.59
967,93074,885.6872222222223,828.75
968,93077,1450.8505882352943,1381.33
969,93078,927.7595862068966,850.7
970,93079,1093.9684615384615,911.59
971,94001,887.664074074074,894.74
972,94002,2239.9059375,2088.0
973,94003,2485.14,2284.3999999999996
974,94004,1068.0265217391304,1025.6100000000001
975,94011,1422.1527272727274,1247.45
976,94015,1786.9196153846156,1819.55
977,94016,2125.018695652174,2001.1350000000002
978,94017,1492.3215272727273,1348.04
979,94019,1438.0649438202247,1349.14
980,94021,1714.7684615384615,1652.865
981,94022,1642.1941666666667,1449.88
982,94028,1712.8281355932204,1624.71
983,94033,2565.4743373493975,2546.58
984,94034,1555.8545161290322,1404.04
985,94037,2741.694,2402.5550000000003
986,94038,1741.73091954023,1582.6
987,94041,2394.91,2183.55
988,94042,2369.799666666667,2106.96
989,94043,2276.8942857142856,1657.97
990,94044,1034.6882222222223,933.65
991,94046,2224.034126984127,2076.12
992,94047,1109.2574193548387,1059.96
993,94048,1189.8038095238096,1021.1999999999999
994,94052,2755.2722222222224,2595.6000000000004
995,94053,1114.835238095238,1070.9
996,94054,1176.8300000000002,1160.1550000000002
997,94055,1398.195053763441,1289.95
998,94056,1196.53,1120.0
999,94058,2402.6671276595744,2420.12
1000,94059,1277.1188235294119,1167.75
1001,94060,1143.4797777777776,1021.3
1002,94065,2248.425217391304,2520.66
1003,94068,2279.4472192513367,2202.13
1004,94070,1082.684814814815,921.76
1005,94071,1309.8529936305733,1223.88
1006,94073,1751.1253225806452,1567.18
1007,94074,1159.0230769230768,935.065
1008,94075,1081.9471428571428,980.95
1009,94076,1978.9663095238097,1787.865
1010,94077,1036.6546666666668,953.18
1011,94078,1045.637341772152,966.1
1012,94079,1387.9017117117116,1277.68
1013,94080,2500.0,2500.0
1014,94081,1708.6881547619046,1718.13
1015,95002,1012.1009090909091,789.47
1016,95008,952.4379999999999,481.61
1017,95011,950.244,932.2
1018,95012,420.0,420.0
1019,95014,1139.11125,973.435
1020,95018,1221.8830490956072,1082.51
1021,95019,898.9596907216494,851.99
1022,95023,969.7014285714286,925.53
1023,95024,1196.67,1196.67
1024,95026,1080.8696774193547,932.81
1025,95028,857.5561111111111,907.8299999999999
1026,95039,1110.7802985074627,1003.4
1027,95040,935.1683333333334,931.105
1028,95042,983.4379999999999,989.865
1029,95051,1083.449638554217,1062.93
1030,95052,747.2333333333333,689.7
1031,95054,400.0,400.0
1032,95055,932.2466666666666,528.67
1033,95056,843.7871428571428,848.48
1034,95058,823.1046153846154,813.37
1035,95059,933.5383333333333,797.0
1036,95060,1147.5937288135592,1038.54
1037,95061,1265.9114285714288,1202.09
1038,95063,1449.3343925233644,1331.17
1039,95074,1479.8899999999999,1609.405
1040,95078,906.3544444444444,862.42
1041,95088,1831.154,937.5
1042,95091,1080.218125,1114.5900000000001
1043,95094,828.988,707.2
1044,95101,676.1650000000001,606.8
1045,95102,436.47,436.47
1046,95116,897.001923076923,832.86
1047,95119,597.9939999999999,489.8
1048,95120,1107.9273333333333,1095.15
1049,95127,1402.7384615384615,1388.66
1050,95134,869.296862745098,662.65
1051,95139,680.3266666666667,656.36
1052,95142,760.211875,670.0350000000001
1053,95144,840.15,840.15
1054,95149,798.1079545454545,748.085
1055,95150,883.1550000000001,936.03
1056,95151,1221.17,1221.17
1057,95157,538.405,538.405
1058,95166,1098.9355555555555,850.0
1059,95169,894.6433333333333,674.335
1060,95170,1066.35,994.75
1061,95176,1361.0019411764706,1338.22
1062,95177,985.5499999999998,888.4300000000001
1063,95181,1340.0,1340.0
1064,95183,1343.032380952381,1219.855
1065,95197,1435.9630088495576,1388.06
1066,95199,1114.151142857143,1081.4250000000002
1067,95203,1256.328021978022,1142.86
1068,95205,1109.4378048780488,1015.62
1069,95210,2577.2936842105264,2049.67
1070,95211,1244.0835,1011.85
1071,95212,787.5,787.5
1072,95213,997.25,894.16
1073,95218,1204.8347887323944,1231.98
1074,95219,1352.7775,1239.4650000000001
1075,95229,976.5892452830188,807.92
1076,95241,994.0083333333332,869.8299999999999
1077,95250,958.8767816091954,905.71
1078,95252,1217.141909090909,1187.745
1079,95253,1158.4771428571428,1055.21
1080,95254,869.7616666666667,687.095
1081,95256,926.8909090909091,772.76
1082,95257,1185.2797959183674,1040.09
1083,95258,776.8033333333333,834.41
1084,95268,962.8597916666668,840.77
1085,95270,930.9,930.9
1086,95271,827.7014285714286,679.93
1087,95277,1032.0126785714285,999.14
1088,95280,779.7618333333334,751.76
1089,95282,609.19,609.19
1090,95287,1156.2325,1105.2350000000001
1091,95288,1156.7771666666667,1079.435
1092,95298,1117.6550000000002,1101.765
1093,95301,1105.5459999999998,1012.05
1094,95303,562.83,562.83
1095,95304,1371.328,979.0
1096,95306,1188.2481764705883,1066.48
1097,95308,1099.46,1099.46
1098,95309,674.6233333333333,600.33
1099,95313,1226.5686904761906,1073.37
1100,95316,880.5066666666667,710.0
1101,95323,1426.8857692307693,1477.9850000000001
1102,95328,950.5054545454545,860.0
1103,95331,1421.77,1421.77
1104,95341,1259.1033333333335,1171.245
1105,95348,852.8283333333334,839.95
1106,95351,1015.4028571428571,893.56
1107,95352,1070.9614285714285,978.55
1108,95353,1151.924,800.0
1109,95355,826.2191176470589,685.24
1110,95365,803.2885714285715,865.67
1111,95369,1039.4133333333332,968.68
1112,95370,991.1265384615385,751.94
1113,95371,909.5214,908.525
1114,95379,720.7725,612.185
1115,95388,1000.2106249999999,953.535
1116,95392,1128.1736734693877,968.51
1117,95394,1128.1823076923079,1013.99
1118,95395,799.0557142857143,747.88
1119,95409,1203.1542857142856,1003.18
1120,95422,1864.2749999999999,1864.2749999999999
1121,95424,982.174024390244,941.005
1122,95426,1118.1546153846155,1192.95
1123,95427,1268.496984126984,1241.07
1124,95428,1576.3386301369862,1487.73
1125,95429,1217.0533333333333,900.0
1126,95430,968.3173913043478,925.51
1127,95436,997.5428571428571,1061.29
1128,95445,1069.3475,869.345
1129,95446,1090.3488235294117,1037.15
1130,95447,902.5500000000001,815.1800000000001
1131,95450,1051.46875,975.605
1132,95452,970.1816666666667,903.575
1133,95456,833.7700000000001,793.08
1134,95459,634.8275,652.005
1135,95462,858.895,780.2
1136,95476,893.9649999999999,826.72
1137,95480,895.1131578947367,749.935
1138,95483,885.8766666666667,755.31
1139,95487,823.9866037735849,750.45
1140,95488,983.2190909090909,925.27
1141,95489,1084.106,1106.64
1142,95491,1392.978888888889,1239.73
1143,95493,919.88,919.88
1144,95500,1302.3066216216216,1167.535
1145,95504,914.6671153846154,784.125
1146,95509,1009.8462962962963,1040.0
1147,95510,701.07,648.15
1148,95523,1172.175,1172.175
1149,95527,1693.4875,1769.9099999999999
1150,95529,1487.1100000000001,1487.1100000000001
1151,95535,860.4857142857143,822.5
1152,95539,1401.5098611111111,1287.335
1153,95541,849.624,880.4
1154,95543,775.675,775.675
1155,95554,843.8666666666667,857.14
1156,95555,1583.2269999999999,1491.625
1157,95563,1376.769076923077,1255.815
1158,95566,1394.8665217391303,1397.59
1159,95572,1096.3068055555555,1020.26
1160,95574,1294.9402898550725,1217.95
1161,95580,1789.3483333333334,1377.1100000000001
1162,95582,1391.0828571428572,1301.78
1163,95584,729.555,602.28
1164,95585,905.0165555555557,878.065
1165,95592,1039.3380000000002,999.55
1166,95594,1375.765,972.22
1167,95598,1355.8087962962964,1301.9099999999999
1168,95604,849.49,784.8
1169,95607,1219.0779861111112,1107.1950000000002
1170,95610,1140.0774999999999,1107.27
1171,95612,785.7973529411765,684.1
1172,95625,754.6825,581.1949999999999
1173,95627,2270.11,2270.11
1174,95628,807.3633333333333,720.49
1175,95633,804.2,804.2
1176,95637,1386.7079245283019,1396.125
1177,95641,971.2540000000001,784.94
1178,95651,1222.1608333333334,931.6
1179,95652,1136.375283018868,830.0
1180,95656,1008.8280000000001,1012.66
1181,95658,1162.8216,1007.46
1182,95660,1277.4066666666668,964.8399999999999
1183,95675,851.5046153846154,786.11
1184,95676,876.62,876.62
1185,95678,1053.0317647058823,1020.0
1186,95680,1002.169268292683,871.31
1187,95690,1171.3933333333334,1156.0
