CODE_IRIS,TXPAUV60,REVDISPMED,GINI,PARTREVACT,Clust
940020101,"0,299476437968834","-0,421755594184775","0,475919257013056","1,2849705542689",1
940020102,"-0,0040248690854637","-0,28712311343144","0,313993910070525","1,31277953743678",1
940020103,"-0,404646594397137","-0,179084702950369","-0,00985678381453468","1,04859419734193",1
940020104,"0,0445353400432238","-0,260529043159177","0,556881930484321","1,49353792802799",1
940020105,"-0,23468586244673","0,0120601771315258","0,367969025718036","1,91067267554617",1
940020106,"0,481577222201413","-0,883827565165356","-0,522620382465882","-0,633849284314737",1
940020107,"-0,756708110580122","-0,0643977749012322","-0,603583055937147","0,158706735969809",1
940020108,"-0,635307587758403","0,296284303166344","0,799769950898118","1,07640318050981",1
940020109,"-0,720287953733606","0,404322713647415","-0,279732362052086","1,6742963186192",1
940020201,"-0,307526176139761","0,155003304844943","0,125081005304239","1,18763911318132",1
940020202,"1,35566098651779","-1,24284751384092","-1,08935909676474","-1,73230411944595",1
940020203,"1,07643978402784","-1,04172985740692","0,421944141365546","0,075279786466173",1
940020204,"1,11285994087435","-1,18799724390437","-0,468645266818372","0,353369618144961",1
940020205,"0,433017013072725","-0,576333627642308","0,529894372660566","-1,37078733826352",1
940020206,"0,991459418052632","-1,00848726956659","-0,14479457293331","-0,480899876891403",1
940030101,"-0,246825914728902","-0,0461143515890509","0,152068563127995","1,38230199535647",1
940030102,"0,84577879066657","-0,88216543577334","0,529894372660566","-0,494804368475343",1
940030103,"-0,696007849169262","0,537293065008733","0,880732624369383","1,20154360476526",1
940030104,"0,117375653736255","-0,529794004665846","0,34098146789428","0,242133685473444",1
940030105,"0,590837692740959","-0,809031742524615","0,0441183318329741","-0,786798691738069",1
940030106,"0,0688154446075675","-0,514834840137698","0,529894372660566","0,130897752801929",1
940030107,"-0,732428006015778","0,480780665680173","0,34098146789428","0,561936991904052",1
940030108,"-0,890248685684013","0,156665434236959","-0,225757246404576","1,27106606268496",1
940030109,"-0,708147901451434","0,339499667358772","0,664832161779342","0,311656143393141",1
940040101,"0,615117797305303","-1,00183875199853","-1,30525955935478","-0,80070318332201",1
940040102,"0,712238215562679","-1,00350088139054","-0,684545729408413","-0,731180725402313",1
940040103,"1,95052354834421","-1,38579064155433","-0,657558171584658","-0,953652590745343",1
940040104,"-0,477486908090168","-0,308730795527655","-0,495632824642127","-0,786798691738069",1
940040105,"-0,5503272217832","-0,355270418504116","-0,684545729408413","1,2154480963492",1
940040106,"-1,33943062012437","0,440889560271777","-1,33224711717854","-0,355759452635949",1
940110102,"-0,271106019293246","-0,375215971208314","-0,0368443416382898","-0,536517843227161",1
940110103,"-1,09662957448094","0,0685725764600861","0,0980934474804843","-0,675562759066555",1
940110104,,"-1,33925101857787","-1,27827200153102","-2,34410174913928",1
940110105,"1,71986255498295","-1,36916934763417","-1,57513513759233","-2,23286581646777",1
940110106,"0,78507852925571","-1,19630789086445","-1,84501071582988","-1,63497267835837",1
940110107,"0,663678006433991","-0,950312740846015","-1,52116002194482","0,075279786466173",1
940110108,"0,360176699379693","-0,915408023613669","-1,46718490629731","0,395083092896779",1
940150101,,"2,25593485635377","0,718807277426852","0,784408857247081",2
940150102,,"0,934541989700671","0,260018794423015","0,57584148348799",2
940150103,"-1,18160994045614","0,613751017041491","-0,171782130757065","0,325560634977082",2
940150104,"-1,18160994045614","0,94451476605277","1,2315708760782","0,0891842780501116",2
940150105,,"0,912934307604457","-0,0908194572858001","0,992976231006172",2
940150106,"-1,19374999273831","0,592143334945277","0,206043678775505","0,881740298334657",2
940160101,"-1,08448952219876","0,462497242367992","-0,252744804228331","1,84115021762647",2
940160102,,"-1,18467298512034","-1,25128444370727","-0,911939115993525",2
940160103,,"1,41655951338545","-0,657558171584658","1,24325707951708",2
940160104,"-0,987369103941388","0,588819076161244","-0,14479457293331","1,96629064188193",2
940160105,"-0,926668842530529","1,06086382349392","0,691819719603097","0,617554958239808",2
940160106,"0,433017013072725","-0,827315165836796","-0,279732362052086","-1,13441098133655",2
940160107,"0,821498686102226","-0,985217458078361","0,206043678775505","-0,56432682639504",2
940160108,"-0,125425391907183","-0,484916511081401","0,125081005304239","-0,703371742234434",2
940160109,,"1,28525129141615","0,17905612095175","0,645363941407687",2
940160110,"-0,99950915622356","0,871381072804045","0,475919257013056","0,840026823582839",2
940160111,"-0,331806280704106","0,332851149790706","1,58240912778702","0,881740298334657",2
940170101,"-0,732428006015778","0,369417996415069","0,961695297840648","0,436796567648596",2
940170102,"-0,356086385268449","-0,0128717637487214","0,691819719603097","0,464605550816476",2
940170103,"-0,380366489832793","-0,473281605337286","-0,0638318994620449","0,478510042400414",2
940170201,"-0,380366489832793","-0,353608289112099","0,610857046131832","0,408987584480717",2
940170202,"-0,101145287342839","-0,361918936072182","-0,441657708994617","0,0196618201304147",2
940170203,"-0,720287953733606","0,339499667358772","0,556881930484321","0,631459449823749",2
940170301,"-0,29538612385759","-0,428404111752841","0,880732624369383","-0,32795046946807",2
940170302,"-1,37585077697089","0,47247001872009","-0,954421307645964","0,464605550816476",2
940170401,"-0,829548424273153","0,0569376707159707","-0,333707477699596","0,367274109728899",2
940170402,"-0,0404450259319795","-0,441701146888973","-0,387682593347106","0,269942668641323",2
940170501,"0,372316751661865","-0,646143062107","0,934707740016893","0,214324702305567",2
940170502,"0,287336385686662","-0,378540229992347","0,664832161779342","-0,383568435803828",2
940170601,"1,48920156162168","-0,855571365501076","1,2315708760782","0,075279786466173",2
940170701,"1,58632197987906","-1,38080425337828","-1,35923467500229","-1,71839962786201",2
940170702,"1,04001962718132","-1,06333753950314","-0,360695035523351","0,186515719137688",2
940170703,"1,14928009772087","-1,17137594998421","-1,4132097906498","-1,55154572885474",2
940170704,"1,65916229357209","-1,3824663827703","-1,19730932805976","-1,56545022043868",2
940170801,"0,384456803944037","-0,581320015818357","0,206043678775505","-0,0637651293732209",2
940170901,"0,542277483612272","-0,90543524726157","-0,414670151170862","-0,480899876891403",2
940171001,"-1,06020941763442","0,317891985262558","0,556881930484321","0,0891842780501116",2
940171002,"-0,829548424273153","-0,124234433013825","-0,576595498113392","-0,216714536796555",2
940171101,,"-1,37083147702618","-0,576595498113392","-1,19002894767231",2
940171102,"1,39208114336431","-1,30434630134553","-1,17032177023601","-2,01039395112474",2
940171103,"1,56204187531471","-1,39908767669046","-1,6560978110636","-1,27345589717595",2
940171201,"2,02336386203724","-1,45892433480306","-1,87199827365364","-2,07991640904443",2
940171202,"1,88982328693335","-1,38579064155433","-1,22429688588352","-1,74620861102989",2
940171204,"1,64702224128992","-1,33094037161779","-2,06091117841992","-0,870225641241707",2
940171301,"-0,975229051659216","0,238109774445767","-0,684545729408413","0,0613752948822325",2
940171302,"-1,23017014958483","0,44421381905581","-0,549607940289637","0,0891842780501116",2
940171303,"-1,13304973132745","0,0984909055163827","-0,684545729408413","-0,0637651293732209",2
940171304,"-0,647447640040575","0,00208740077942694","0,475919257013056","-0,314045977884131",2
940171401,"0,0566753923253958","-0,767478507724203","-0,252744804228331","-0,300141486300191",2
940180101,"-1,36371072468872","1,34176369074471","1,17759576043069","1,2849705542689",2
940180102,,"1,87364509618998","1,01567041348816","0,464605550816476",2
940180103,,"2,14291005769665","1,90625982167208","0,714886399327384",2
940180104,,"1,75064752118076","1,15060820260693","0,853931315166778",2
940180105,,"1,26198147992792","0,664832161779342","0,436796567648596",2
940180106,,"0,0885181291642838","0,988682855664404","-1,03707954024898",2
940180107,,"-0,415107076616709","-0,522620382465882","-0,592135809562919",2
940180108,"-0,780988215144466","0,125084975788646","0,880732624369383","0,81221784041496",2
940180109,"-0,987369103941388","0,071896835244119","-0,198769688580821","0,992976231006172",2
940180110,"-1,23017014958483","1,41822164277747","1,44747133866824","1,47963343644405",2
940190101,"-0,99950915622356","0,00707378895547638","-1,81802315800613","-0,870225641241707",2
940190102,"-1,25445025414917","0,410971231215481","0,34098146789428","0,422892076064658",2
940190103,"-1,35157067240655","0,889664496116226","1,79830959037706","-0,175001062044738",2
940190104,,"0,912934307604457","0,421944141365546","0,492414533984355",2
940190105,"-0,80526831970881","-0,00456111678863897","-1,00839642329347","-0,397472927387767",2
940190106,,"-1,28440074864133","-1,17032177023601","-1,69059064469413",2
940190107,"1,53776177075037","-1,28938713681738","-1,38622223282605","-1,28736038875989",2
940190108,"0,0566753923253958","-0,682709908731362","-0,900446191998454","-0,466995385307464",2
940210102,,"0,429254654527662","-0,657558171584658","-0,397472927387767",2
940210103,,"0,602116111297376","-1,57513513759233","-0,522613351643222",2
940210104,,"-0,283798854647407","0,0441183318329741","1,15983013001345",2
940210105,"-0,902388737966185","0,219826351133586","-0,14479457293331","-0,314045977884131",2
940210106,"-0,380366489832793","-0,282136725255391","-0,171782130757065","0,353369618144961",2
940210107,"1,37994109108213","-1,28273861924931","-1,54814757976858","-0,884130132825646",2
940210108,"0,675818058716163","-0,913745894221653","-0,765508402879678","-1,03707954024898",2
940210109,"0,105235601454083","-0,614562603658687","-0,954421307645964","0,381178601312838",2
940220102,"1,12499999315652","-0,937015705709883","-0,468645266818372","-1,49592776251898",2
940220105,"1,3071007773891","-1,08494522159935","0,34098146789428","-0,717276233818373",2
940220106,"-0,0404450259319795","-0,383526618168396","0,745794835250607","-0,0776696209571614",2
940220107,"1,0035994703348","-1,08826948038338","-0,819483518527188","0,492414533984355",2
940220108,"0,930759156641773","-1,08494522159935","-0,711533287232168","-0,606040301146858",2
940220109,"1,53776177075037","-1,18301085572832","-0,873458634174699","-0,314045977884131",2
940220110,"0,27519633340449","-0,672737132379263","-0,252744804228331","0,589745975071929",2
940220111,"0,578697640458787","-0,865544141853175","0,0711058896567292","-0,772894200154131",2
940220112,"-0,732428006015778","0,181597375117207","0,152068563127995","0,14480224438587",2
940220113,"-0,283246071575418","-0,243907749239012","0,206043678775505","0,0613752948822325",2
940220114,"0,190215967429287","-0,67439926177128","-0,252744804228331","2,04971759138556",2
940220201,"-0,319666228421933","-0,34862190093605","-0,549607940289637","-0,230619028380494",2
940220202,"0,02025523547888","-0,305406536743622","0,0711058896567292","0,992976231006172",2
940220203,"0,0930955491719112","-0,406796429656627","0,0441183318329741","0,395083092896779",2
940220204,"-0,271106019293246","0,204867186605437","0,0171307740092204","-0,0359561462053437",2
940220205,"0,493717274483584","-0,681047779339346","-0,738520845055923","0,228229193889506",2
940220206,"0,202356019711459","-0,55140168676206","-0,198769688580821","-0,119383095708979",2
940280101,,"1,8952527782862","0,583869488308077","-0,397472927387767",3
940280102,"-0,210405757882386","-0,504862063785599","-0,603583055937147","0,075279786466173",3
940280103,"-1,0237892607879","0,0286814710516906","-0,441657708994617","-0,147192078876858",3
940280104,"-1,18160994045614","0,311243467694492","-0,14479457293331","-0,522613351643222",3
940280201,"-0,513907064936684","-0,137531468149957","-0,576595498113392","-0,480899876891403",3
940280202,"0,712238215562679","-1,04339198679894","-0,846471076350944","-1,84354005211746",3
940280204,"-0,125425391907183","-0,210665161398682","1,15060820260693","-1,31516937192777",3
940280205,"0,0930955491719112","-0,70265546143556","-0,414670151170862","-0,703371742234434",3
940280206,"-0,0040248690854637","-0,742546566843955","-0,765508402879678","0,353369618144961",3
940280207,"1,08857983631001","-1,0899316097754","-0,198769688580821","-0,355759452635949",3
940280208,"0,226636124275802","-0,720938884747741","-0,630570613760903","-2,12162988379625",3
940280209,"-0,222545810164558","-0,644480932714983","-0,603583055937147","-0,842416658073828",3
940280210,"0,238776176557974","-0,838950071580911","-0,333707477699596","-0,856321149657766",3
940280211,"0,5301374313301","-0,935353576317867","-1,54814757976858","-0,814607674905949",3
940280212,"2,6060863715815","-1,13647123275186","1,87927226384832","2,96741403592557",3
940280215,"0,238776176557974","-0,242245619846995","0,637844603955587","1,77162775970678",3
940280301,"-1,48511124751044","1,14397029309475","-0,0368443416382898","-0,383568435803828",3
940280302,,"-1,07829670403128","-0,900446191998454","0,325560634977082",3
940280303,"-0,0768651827784953","-0,330338477623869","-0,468645266818372","0,714886399327384",3
940280304,"-0,0040248690854637","-0,672737132379263","-0,819483518527188","0,075279786466173",3
940280305,"-1,18160994045614","0,515685382912519","0,421944141365546","0,478510042400414",3
940280306,"-1,18160994045614","0,321216244046591","0,206043678775505","-0,522613351643222",3
940280307,"0,0930955491719112","-0,712628237787659","-0,333707477699596","0,700981907743446",3
940280401,"0,408736908508381","-0,838950071580911","-0,14479457293331","-1,16221996450443",3
940280402,"1,86554318236901","-1,4024119354745","-1,71007292671111","-2,34410174913928",3
940280403,"1,92624344377987","-1,45227581723499","-0,873458634174699","-1,81573106894959",3
940280404,"1,5256217184682","-1,15143039728001","0,0441183318329741","-1,71839962786201",3
940280405,"0,517997379047928","-0,908759506045603","-0,738520845055923","0,687077416159505",3
940280406,"0,967179313488289","-1,21791557296067","-1,46718490629731","-1,45421428776716",3
940280407,"1,01573952261698","-1,02677069287877","-1,06237153894098","-1,77401759419777",3
940280408,"0,639397901869647","-0,830639424620829","-0,171782130757065","-1,37078733826352",3
940330101,"-0,768848162862294","0,429254654527662","1,90625982167208","0,714886399327384",3
940330102,"-1,0237892607879","0,843124873139765","0,745794835250607","1,59086936911557",3
940330103,"-1,0237892607879","0,693533227858282","0,34098146789428","1,00688072259011",3
940330104,"-0,647447640040575","0,0885181291642838","0,772782393074362","-0,369663944219888",3
940330105,"0,663678006433991","-0,913745894221653","-1,30525955935478","-1,4681187793511",3
940330106,"0,372316751661865","-0,850584977325027","-0,306719919875841","-1,21783793084019",3
940330107,"0,687958110998335","-0,902110988477537","-0,333707477699596","-0,675562759066555",3
940330108,"0,78507852925571","-1,08328309220733","-0,792495960703433","-1,35688284667959",3
940330109,,"-0,393499394520495","-0,279732362052086","0,965167247838293",3
940330110,"-0,416786646679309","-0,671075002987247","-1,19730932805976","-0,870225641241707",3
940330111,"0,372316751661865","-0,739222308059923","0,152068563127995","-0,369663944219888",3
940330112,"-1,04806936535225","0,386039290335233","-0,603583055937147","-0,0915741125411",3
940330113,"0,323756542533178","-0,769140637116219","0,23303123659926","-0,675562759066555",3
940330114,,"1,50797662994636","1,12362064478318","1,59086936911557",3
940330115,"-1,03592931307008","0,927893472132606","1,31253354954946","0,10308876963405",3
940330116,,"1,52127366508249","1,69035935908204","1,06249868892587",3
940330117,"-0,938808894812701","0,552252229536881","0,664832161779342","0,923453773086475",3
940330118,"-1,26659030643134","1,01598632990948","-0,00985678381453468","1,66039182703526",3
940330119,,"0,846449131923798","0,313993910070525","1,46572894486011",3
940330120,"-0,198265705600214","0,0536134119319378","1,55542156996326","0,881740298334657",3
940330121,,"2,58337434658102","3,52551329109738","-0,466995385307464",3
940340101,"0,542277483612272","-0,883827565165356","-0,387682593347106","2,31390293148041",3
940340102,"-0,526047117218856","-0,34862190093605","-1,08935909676474","-0,147192078876858",3
940340103,"-0,987369103941388","0,00707378895547638","-0,954421307645964","-0,300141486300191",3
940340104,"-0,356086385268449","-0,569685110074242","-0,360695035523351","0,353369618144961",3
940340105,,"1,16724010458298","-0,414670151170862","0,770504365663143",3
940340106,,"0,642007216705771","-1,52116002194482","1,04859419734193",3
940340107,"-0,48962696037234","-0,267177560727243","-0,468645266818372","0,297751651809202",3
940340108,"-0,647447640040575","-0,371891712424281","-0,819483518527188","-0,0776696209571614",3
940340109,"-0,48962696037234","-0,509848451961648","-0,360695035523351","0,520223517152232",3
940370101,,"-0,667750744203214","-1,22429688588352","-1,24564691400807",3
940370102,"-0,5503272217832","-0,0976403627415618","0,152068563127995","0,464605550816476",3
940370103,"0,27519633340449","-0,887151823949389","-0,900446191998454","-1,48202327093504",3
940370104,"-0,80526831970881","0,866394684627996","0,583869488308077","1,32668402902072",3
940370105,"-0,659587692322747","0,582170558593178","1,09663308695942","0,923453773086475",3
940370106,"1,27068062054259","-1,03009495166281","0,448931699189301","0,381178601312838",3
940370107,,"-1,03674346923087","0,367969025718036","0,186515719137688",3
940370108,"-0,441066751243652","-0,506524193177615","-0,171782130757065","-0,258428011548373",3
940380102,,"1,2403737978317","-0,306719919875841","-0,105478604125041",3
940380103,,"1,15560519883886","-0,0638318994620449","-0,0498606377892823",3
940380104,,"1,36669563162496","-0,765508402879678","0,228229193889506",3
940380105,,"1,45312636000981","0,125081005304239","-0,147192078876858",3
940380106,"-0,902388737966185","-0,0112096343567049","0,0441183318329741","0,269942668641323",3
940380107,"0,930759156641773","-1,07331031585523","-0,198769688580821","-0,703371742234434",3
940380108,"-0,963088999377045","0,322878373438607","0,448931699189301","-0,828512166489887",3
940380109,"0,335896594815349","-0,504862063785599","0,260018794423015","-0,703371742234434",3
940380110,"0,250916228840146","-0,729249531707824","0,152068563127995","-0,675562759066555",3
940380111,,"-0,671075002987247","-0,603583055937147","-0,439186402139585",3
940380112,"1,53776177075037","-1,09491799795145","-0,00985678381453468","0,422892076064658",3
940380113,"0,0809554968897395","-0,554725945546093","0,853745066545628","-0,0359561462053437",3
940410101,"0,772938476973538","-0,943664223277949","-0,198769688580821","-0,202810045212615",4
940410102,"1,1371400454387","-1,22290196113672","-0,927433749822209","-1,4681187793511",4
940410103,"-0,101145287342839","-0,285460984039424","0,475919257013056","-0,0498606377892823",4
940410104,"0,906479052077429","-0,918732282397702","0,718807277426852","-0,32795046946807",4
940410105,"-0,0283049736498079","-0,445025405673006","0,475919257013056","0,561936991904052",4
940410106,"0,821498686102226","-0,809031742524615","0,745794835250607","-0,745085216986252",4
940410107,,"-1,39410128851442","0,556881930484321","-1,06488852341686",4
940410108,"0,420876960790553","-0,676061391163296","0,17905612095175","-0,647753775898676",4
940410109,,"-0,75916786076412","-0,522620382465882","-0,0498606377892823",4
940410110,"0,566557588176616","-0,971920422942229","-0,765508402879678","-2,33019725755534",4
940410201,"0,554417535894444","-0,754181472588071","0,529894372660566","1,09030767209375",4
940410202,"0,420876960790553","-0,76415424894017","0,0441183318329741","-1,21783793084019",4
940410203,"0,226636124275802","-0,41012068844066","1,17759576043069","0,631459449823749",4
940410204,"1,62274213672557","-1,26279306654511","-0,225757246404576","-1,52373674568686",4
940410205,"0,639397901869647","-0,700993332043544","1,09663308695942","1,15983013001345",4
940410206,"1,0035994703348","-0,900448859085521","0,826757508721873","-0,439186402139585",4
940410207,"1,17356020228521","-0,757505731372104","2,04119761079085","1,17373462159738",4
940410208,"0,772938476973538","-0,624535380010785","0,448931699189301","0,283847160225264",4
940410211,"0,348036647097521","-0,204016643830616","0,826757508721873","1,15983013001345",4
940410301,"3,23736909025443","-1,61184023886857","3,28262527068359","1,13202114684557",4
940410302,"1,44064135249299","-1,05668902193507","0,934707740016893","0,561936991904052",4
940410304,"0,639397901869647","-0,76415424894017","0,23303123659926","1,68820081020314",4
940420101,"-1,29087041099569","0,738410721442727","-0,252744804228331","1,29887504585284",4
940420102,"-0,987369103941388","0,502388347776387","0,367969025718036","0,561936991904052",4
940420103,"-1,09662957448094","0,583832687985194","0,502906814836811","0,840026823582839",4
940420104,,"-0,704317590827576","0,34098146789428","-0,75898970857019",4
940420105,"-0,0890052350606674","-0,459984570201154","1,28554599172571","0,395083092896779",4
940420106,"-1,15732983589179","0,907947919428408","1,04265797131191","0,867835806750717",4
940420107,,"1,08080937619812","0,691819719603097","0,895644789918596",4
940420108,,"1,95010304822274","1,04265797131191","1,42401547010829",4
940430101,"-0,0283049736498079","-0,222300067142798","0,745794835250607","1,42401547010829",4
940430102,"-0,246825914728902","-0,215651549574732","0,28700635224677","0,436796567648596",4
940430103,"-0,659587692322747","0,419281878175563","0,367969025718036","0,742695382495263",4
940430104,"-0,343946332986277","0,100153034908399","0,610857046131832","-0,0637651293732209",4
940430105,"0,238776176557974","-0,689358426299428","0,23303123659926","-0,161096570460797",4
940430106,"0,736518320127022","-0,845598589148977","0,610857046131832","-1,4681187793511",4
940430107,"-1,0237892607879","-0,185733220518435","-1,52116002194482","1,79943674287466",4
940430108,"-0,186125653318042","0,00208740077942694","1,06964552913567","1,32668402902072",4
940430109,"-1,04806936535225","0,228136998093668","-0,0908194572858001","1,3544930121886",4
940440101,"-0,853828528837497","0,071896835244119","-0,684545729408413","0,561936991904052",4
940440102,"-0,477486908090168","-0,476605864121319","-1,11634665458849","1,20154360476526",4
940440103,,"-1,28273861924931","-1,08935909676474","-1,23174242242413",4
940440104,"-0,356086385268449","-0,579657886426341","-1,54814757976858","0,979071739422233",4
940440105,"-0,817408371990981","0,0502891531479048","-0,522620382465882","0,14480224438587",4
940440106,"-0,659587692322747","-0,390175135736462","-1,17032177023601","1,11811665526163",4
940440107,,"-0,317041442487737","-0,819483518527188","0,937358264670414",4
940460101,,"0,70849239238643","0,0980934474804843","1,03468970575799",4
940460102,,"0,474132148112107","-0,360695035523351","0,700981907743446",4
940460103,,"1,14397029309475","-0,333707477699596","-0,00814716303746449",4
940460104,,"1,03759401200569","-0,603583055937147","1,42401547010829",4
940460105,"0,372316751661865","-0,927042929357785","-1,30525955935478","-0,425281910555646",4
940460106,,"-1,18134872633631","-1,92597338930115","-1,35688284667959",4
940460107,,"1,30353471472833","-1,27827200153102","2,2721894567286",4
940460108,"-1,21803009730265","0,178273116333174","-0,765508402879678","0,10308876963405",4
940460109,"-0,938808894812701","0,244758292013833","-1,25128444370727","-0,56432682639504",4
940460110,"-0,99950915622356","-0,00954750496468841","0,28700635224677","0,0891842780501116",4
940460111,"-0,950948947094872","-0,332000607015885","-1,52116002194482","-0,884130132825646",4
940460201,"-1,06020941763442","0,748383497794826","-0,0638318994620449","2,03581309980163",4
940460202,,"0,62372379339359","-3,19438860701764","3,80168353096193",4
940460203,"-0,975229051659216","0,336175408574739","-0,468645266818372","0,520223517152232",4
940460204,"-1,07234946991659","0,883015978548161","1,01567041348816","-0,147192078876858",4
940460205,"-0,829548424273153","0,514023253520502","0,745794835250607","0,408987584480717",4
940460301,"-1,242310201867","1,25699509175187","1,04265797131191","0,422892076064658",4
940460302,,"0,773315438675073","0,934707740016893","1,17373462159738",4
940460303,,"1,12402474039055","0,125081005304239","0,992976231006172",4
940460304,"-1,31515051556003","0,941190507268737","-0,684545729408413","1,38230199535647",4
940460401,,"0,818192932259518","0,367969025718036","0,283847160225264",4
940460402,"-1,13304973132745","0,42094400756758","-0,117807015109555","0,492414533984355",4
940460403,"-1,03592931307008","-0,353608289112099","-2,35777431448123","-0,619944792730796",4
940520101,"-0,428926698961481","-0,16911192659827","0,502906814836811","0,784408857247081",5
940520102,"-0,598887430911887","-0,0793569394293805","0,556881930484321","0,492414533984355",5
940520103,,"1,50797662994636","1,06964552913567","1,24325707951708",5
940520104,"-1,18160994045614","0,909610048820424","0,23303123659926","1,45182445327617",5
940520105,,"1,81713269686142","1,33952110737322","1,31277953743678",5
940520106,"-1,20589004502048","1,14230816370273","1,63638424343453","0,937358264670414",5
940520107,,"2,10135682289624","1,42048378084449","0,130897752801929",5
940520108,,"2,49694361819616","1,42048378084449","-0,0498606377892823",5
940520109,,"2,33405493777855","2,04119761079085","-0,314045977884131",5
940520110,,"1,8653344492299","0,907720182193138","1,10421216367769",5
940520111,,"1,8154705674694","0,718807277426852","2,03581309980163",5
940540101,"-0,829548424273153","0,2414340332298","-0,171782130757065","-0,80070318332201",5
940540102,"2,52110600560629","-1,53538228683582","-1,35923467500229","-1,64887716994231",5
940540103,"0,930759156641773","-1,2312126080968","-1,38622223282605","-1,12050648975262",5
940540104,"0,700098163280506","-1,00848726956659","-1,08935909676474","0,0613752948822325",5
940540105,"-0,708147901451434","0,0469648943638719","-0,468645266818372","-0,75898970857019",5
940540106,"0,797218581537882","-1,14976826788799","-1,35923467500229","-1,52373674568686",5
940540107,"-0,246825914728902","-0,464970958377204","-0,792495960703433","-0,0220516546214031",5
940540108,"0,967179313488289","-1,09824225673548","-1,00839642329347","-0,161096570460797",5
940540109,"1,05215967946349","-1,10322864491153","-1,46718490629731","-0,383568435803828",5
940550101,,"0,274676621070129","-0,657558171584658","-0,772894200154131",5
940550102,,"0,605440370081409","-0,873458634174699","-0,731180725402313",5
940550103,,"0,547265841360832","-1,11634665458849","-0,258428011548373",5
940550104,,"1,27361638567203","-0,198769688580821","0,408987584480717",5
940550105,,"0,771653309283057","-1,38622223282605","-0,508708860059282",5
940580101,,"1,14230816370273","1,20458331825444","0,700981907743446",5
940580102,,"1,51961153569047","0,475919257013056","0,10308876963405",5
940580103,"-1,03592931307008","1,04258040018174","0,880732624369383","0,687077416159505",5
940580104,"-1,35157067240655","1,04922891774981","0,421944141365546","0,381178601312838",5
940580105,,"1,38664118432915","2,796849229856","0,381178601312838",5
940580106,"-1,38799082925306","1,10407918768635","0,880732624369383","-0,0915741125411",5
940580107,"-1,36371072468872","0,834814226179683","0,772782393074362","0,79831334883102",5
940580108,,"1,20048269242331","0,206043678775505","0,659268432991626",5
940580109,"-1,07234946991659","0,868056814020012","0,28700635224677","1,29887504585284",5
940580110,"-1,09662957448094","0,896313013684292","0,826757508721873","0,700981907743446",5
940580111,,"0,6852225808982","0,367969025718036","1,06249868892587",5
940580112,,"0,204867186605437","0,610857046131832","0,395083092896779",5
940580113,,"0,753369885970875","-0,0638318994620449","1,02078521417405",5
940590101,"-1,19374999273831","0,655304251841903","0,367969025718036","-0,355759452635949",5
940590102,"-0,598887430911887","-0,220637937750781","-0,819483518527188","-0,355759452635949",5
940590103,"-0,902388737966185","-0,172436185382303","-1,06237153894098","-0,675562759066555",5
940590104,"-1,23017014958483","0,490753442032272","-0,279732362052086","0,158706735969809",5
940590105,,"0,125084975788646","-0,711533287232168","-1,23174242242413",5
940590106,,"0,470807889328074","-0,522620382465882","-0,175001062044738",5
940590107,,"0,650317863665854","1,15060820260693","0,311656143393141",5
940600101,,"0,467483630544041","-2,06091117841992","0,534128008736172",5
940600102,"-0,331806280704106","-0,667750744203214","2,52697365161844","-2,7751409882414",5
940600103,,"-0,657777967851115","0,0441183318329741","-0,786798691738069",5
940600104,,"-0,162463409030204","-2,62764989271878","0,0196618201304147",5
940600105,"-1,37585077697089","0,487429183248239","-0,792495960703433","0,895644789918596",5
940670101,"-1,21803009730265","0,59048120555326","2,33806074685216","1,07640318050981",6
940670102,,"2,53184833542851","1,69035935908204","0,14480224438587",6
940670103,,"1,28525129141615","1,25855843390195","1,10421216367769",6
940670104,"-1,16946988817397","1,05587743531787","1,15060820260693","0,840026823582839",6
940670105,,"2,91912448376835","4,06526444757248","0,200420210721626",6
940670106,,"1,92849536612653","2,74287411420848","0,367274109728899",6
940670107,,"1,48969320663418","0,718807277426852","1,43791996169223",6
940670108,,"1,88029361375805","4,38911514145755","-0,133287587292918",6
940670109,"-1,53367145663912","2,68143998070999","2,95877457679853","0,283847160225264",6
940680101,,"1,43816719548166","0,961695297840648","-0,606040301146858",6
940680102,"-1,19374999273831","0,917920695780507","0,502906814836811","1,31277953743678",6
940680103,"-1,33943062012437","0,969446706933017","0,529894372660566","-0,0637651293732209",6
940680104,"-1,29087041099569","0,961136059972935","0,772782393074362","1,1459256384295",6
940680105,,"0,873043202196062","0,34098146789428","0,0474708032982939",6
940680106,"-1,08448952219876","0,530644547440667","0,0980934474804843","-0,202810045212615",6
940680107,"-1,23017014958483","0,414295489999514","0,421944141365546","0,158706735969809",6
940680108,,"0,374404384591118","0,475919257013056","0,381178601312838",6
940680109,,"0,892988754900259","0,0711058896567292","0,311656143393141",6
940680201,,"0,853097649491864","-0,603583055937147","0,79831334883102",6
940680202,,"1,53124644143459","1,15060820260693","0,242133685473444",6
940680203,"-1,09662957448094","0,997702906597298","0,583869488308077","0,464605550816476",6
940680204,,"1,63762272252364","0,0171307740092204","0,742695382495263",6
940680301,,"1,98999415363114","0,610857046131832","0,228229193889506",6
940680302,,"2,37893243136299","1,74433447472955","0,687077416159505",6
940680303,"-1,60651177033216","1,64094698130767","1,09663308695942","-0,202810045212615",6
940680304,,"1,51462514751442","1,50144645431575","1,57696487753163",6
940680401,,"1,58942097015516","0,529894372660566","0,603650466655869",6
940680402,,"2,24928633878571","1,85228470602457","0,269942668641323",6
940680501,,"1,6841623455001","0,556881930484321","0,548032500320111",6
940680502,,"1,37999266676109","1,06964552913567","-0,00814716303746449",6
940680503,"-0,963088999377045","0,991054389029232","2,12216028426212","-0,898034624409584",6
940680504,,"2,43212057190752","2,33806074685216","-1,44030979618322",6
940680505,,"2,48530871245205","2,74287411420848","-1,41250081301534",6
940680601,,"1,30685897351236","0,880732624369383","0,770504365663143",6
940680602,,"1,12734899917458","0,502906814836811","0,645363941407687",6
940680603,,"1,05255317653384","1,12362064478318","0,075279786466173",6
940680701,,"0,723451556914579","-0,306719919875841","0,826122331998899",6
940680702,,"0,515685382912519","1,09663308695942","0,0891842780501116",6
940680703,"-0,853828528837497","0,211515704173503","0,826757508721873","-0,341854961052009",6
940680704,,"1,19549630424726","0,610857046131832","1,18763911318132",6
940680801,,"-1,28938713681738","-0,954421307645964","-1,70449513627807",6
940680802,"-0,5503272217832","0,196556539645355","0,745794835250607","1,00688072259011",6
940680803,,"1,51462514751442","0,23303123659926","0,297751651809202",6
940690101,"-0,623167535476231","-0,222300067142798","0,799769950898118","0,645363941407687",6
940690102,,"1,81380843807739","0,610857046131832","1,50744241961193",6
940690103,,"0,484104924464206","1,58240912778702","0,534128008736172",6
940690104,"-1,12090967904528","0,755032015362892","0,988682855664404","0,728790890911323",6
940710101,,"0,999365035989314","-0,414670151170862","0,534128008736172",6
940710102,,"-1,03674346923087","-1,4132097906498","-1,21783793084019",6
940710103,"1,01573952261698","-1,13314697396783","-1,08935909676474","-0,508708860059282",6
940710104,,"0,761680532930958","-0,819483518527188","-0,856321149657766",6
940710105,"-1,37585077697089","0,543941582576799","-0,549607940289637","-0,75898970857019",6
940710106,,"0,731762203874661","-1,19730932805976","0,0891842780501116",6
940710107,,"1,11072770525442","-1,11634665458849","-0,216714536796555",6
940710108,,"1,67086531036397","-0,630570613760903","0,256038177057385",6
940710109,"-1,20589004502048","0,648655734273837","0,313993910070525","-0,119383095708979",6
940710110,,"-0,450011793849055","-1,00839642329347","-0,494804368475343",6
940710111,,"0,760018403538941","-0,117807015109555","-0,56432682639504",6
940730101,"-0,780988215144466","0,17993524572519","0,23303123659926","0,561936991904052",6
940730102,"0,238776176557974","-0,189057479302468","1,79830959037706","0,367274109728899",6
940730103,"-1,26659030643134","0,256393197757948","-0,684545729408413","0,659268432991626",6
940730104,,"-1,11652568004766","-0,738520845055923","-0,772894200154131",6
940730105,"0,97931936577046","-1,17802446755227","-1,33224711717854","-0,32795046946807",6
940730106,,"0,833152096787666","-0,819483518527188","-1,25955140559201",6
940730107,"-0,149705496471527","-0,180746832342386","0,799769950898118","0,673172924575566",6
940730108,"-1,07234946991659","0,278000879854162","-1,06237153894098","-0,647753775898676",6
940730109,"-0,902388737966185","0,0984909055163827","-0,117807015109555","0,200420210721626",6
940730110,"-0,659587692322747","-0,218975808358765","-0,549607940289637","-0,411377418971706",6
940730111,,"1,05089104714182","-0,846471076350944","0,478510042400414",6
940730112,"0,00811518319670795","-0,825653036444779","-1,03538398111723","-0,56432682639504",6
940740102,"1,62274213672557","-1,41903322939466","-1,60212269541609","-1,19002894767231",6
940740103,"1,02787957489915","-1,2411853844489","-1,73706048453486","-0,550422334811099",6
940740104,"0,0688154446075675","-0,656115838459099","-0,711533287232168","-1,24564691400807",6
940740105,"1,28282067282476","-1,29935991316948","-0,954421307645964","-1,23174242242413",6
940740108,"1,25854056826041","-1,11818780943968","-0,414670151170862","0,297751651809202",6
940750101,,"0,656966381233919","-0,819483518527188","-0,341854961052009",6
940750102,,"0,376066513983135","-0,225757246404576","-1,02317504866504",6
940750103,,"0,284649397422228","-1,35923467500229","-0,647753775898676",6
940750104,"-1,3272905678422","0,314567726478525","-0,711533287232168","0,450701059232535",6
940760101,"0,372316751661865","-0,521483357705764","0,745794835250607","1,24325707951708",7
940760102,"-0,416786646679309","-0,332000607015885","0,745794835250607","0,951262756254354",7
940760103,"0,0323952877610517","-0,375215971208314","1,04265797131191","0,0891842780501116",7
940760104,,"-0,840612200972928","-0,00985678381453468","-0,0498606377892823",7
940760105,"-0,0161649213676358","-0,511510581353665","-0,00985678381453468","0,00575732854647609",7
940760106,"-0,708147901451434","0,256393197757948","0,475919257013056","1,25716157110102",7
940760107,"0,153795810582771","-0,546415298586011","0,745794835250607","-0,119383095708979",7
940760108,"-0,186125653318042","0,0702347058521026","1,01567041348816","-0,0637651293732209",7
940760109,"-0,161845548753699","-0,336986995191935","0,0711058896567292","0,756599874079202",7
940760110,"0,457297117637068","-0,666088614811197","-0,171782130757065","-0,119383095708979",7
940760111,,"0,223150609917619","-0,873458634174699","1,56306038594769",7
940760112,"0,129515706018427","-0,501537805001566","0,853745066545628","0,0891842780501116",7
940760113,"-0,149705496471527","-0,212327290790699","0,152068563127995","0,81221784041496",7
940760114,"0,590837692740959","-0,87717904759729","-0,117807015109555","-0,161096570460797",7
940760115,"0,821498686102226","-0,878841176989307","0,260018794423015","-0,703371742234434",7
940760116,"1,06429973174566","-1,08660735099137","-0,495632824642127","-0,661658267482616",7
940760117,"1,65916229357209","-1,32595398344174","-0,792495960703433","-1,62106818677443",7
940760118,"0,46943716991924","-0,852247106717043","0,367969025718036","-1,45421428776716",7
940760119,"1,96266360062638","-1,37083147702618","-0,846471076350944","-2,7056185303217",7
940760120,"0,27519633340449","-0,629521768186835","0,0980934474804843","-0,0637651293732209",7
940760121,"-0,659587692322747","0,327864761614657","-0,117807015109555","-0,480899876891403",7
940770101,"-0,307526176139761","-0,619548991834736","-0,792495960703433","0,631459449823749",7
940770102,"0,457297117637068","-0,755843601980087","-0,225757246404576","-0,75898970857019",7
940770103,"-1,04806936535225","-0,0261687988848532","-0,927433749822209","-0,828512166489887",7
940770104,"-0,756708110580122","-0,0793569394293805","-0,738520845055923","-0,647753775898676",7
940770105,"-0,890248685684013","-0,0677220336852652","-0,873458634174699","-1,14831547292049",7
940770106,"0,578697640458787","-0,878841176989307","-0,522620382465882","-0,675562759066555",7
940770107,"0,578697640458787","-1,01014939895861","-0,900446191998454","-0,870225641241707",7
940770108,"-0,586747378629715","-0,305406536743622","-1,33224711717854","-0,981461573913222",7
940780101,"1,67130234585426","-1,21292918478462","0,34098146789428","-0,842416658073828",7
940780102,"1,06429973174566","-1,050040504367","-0,252744804228331","0,10308876963405",7
940780103,"2,3025850645272","-1,45560007601902","0,448931699189301","-1,12050648975262",7
940780104,"3,06740835830403","-1,6650283794131","-1,08935909676474","-1,98258496795686",7
940780105,,"-1,57693552163623","-1,38622223282605","-2,28848378280352",7
940780201,,"-1,43066813513878","-0,279732362052086","-0,661658267482616",7
940780202,"2,52110600560629","-1,47554562872322","0,0441183318329741","-0,75898970857019",7
940780203,"0,955039261206117","-0,970258293550213","-0,468645266818372","-1,0092705570811",7
940780204,"1,36780103879996","-1,08328309220733","0,28700635224677","-0,981461573913222",7
940780205,"2,59394631929932","-1,60352959190849","-1,68308536888735","-1,91306251003716",7
940780206,"1,40422119564648","-1,20960492600059","-1,00839642329347","-0,911939115993525",7
940780207,"1,42850130021082","-1,21791557296067","-0,765508402879678","-1,03707954024898",7
940780208,"1,0035994703348","-1,06666179828717","-0,900446191998454","-0,689467250650493",7
940790101,"-1,49725129979261","1,04590465896578","-0,576595498113392","0,700981907743446",7
940790102,"-0,343946332986277","-0,406796429656627","-0,387682593347106","0,0891842780501116",7
940790103,"-1,30301046327786","0,530644547440667","-0,846471076350944","0,589745975071929",7
940790104,,"0,543941582576799","-1,03538398111723","0,422892076064658",7
940790105,,"-0,233934972886913","-0,522620382465882","0,0613752948822325",7
940790106,"-0,732428006015778","0,0386542474037895","-0,387682593347106","1,20154360476526",7
940790107,,"0,552252229536881","-0,279732362052086","0,130897752801929",7
940790108,"1,85340313008684","-1,33260250100981","-0,900446191998454","-0,355759452635949",7
940790109,"0,00811518319670795","-0,458322440809138","0,394956583541791","0,728790890911323",7
940800101,,"2,10301895228826","1,36650866519698","1,22935258793314",7
940800102,,"2,25593485635377","0,394956583541791","0,909549281502536",7
940800103,,"1,93181962491056","0,448931699189301","1,17373462159738",7
940800104,,"1,80882204990134","0,880732624369383","1,49353792802799",7
940800201,"-1,20589004502048","1,94179240126266","1,69035935908204","1,57696487753163",7
940800202,,"1,51130088873039","1,12362064478318","0,881740298334657",7
940800203,"-0,538187169501028","0,816530802867501","1,31253354954946","1,63258284386738",7
940800204,"-1,27873035871351","1,43318080730561","1,04265797131191","1,53525140277981",7
940800205,,"2,16119348100883","0,34098146789428","1,49353792802799",7
940800301,"-1,36371072468872","2,06811423505591","2,23011051555714","0,283847160225264",7
940800302,"-1,19374999273831","1,4614370069699","1,71734691690579","2,02190860821769",7
940800303,,"0,612088887649475","1,50144645431575","1,79943674287466",7
940800304,"-1,20589004502048","1,04258040018174","0,313993910070525","1,39620648694041",7
940800305,"-1,242310201867","0,8265035792196","-0,00985678381453468","0,311656143393141",7
940800306,"-0,914528790248357","0,474132148112107","0,907720182193138","1,53525140277981",7
940800401,,"1,84372676713369","2,23011051555714","-0,0637651293732209",7
940800402,"-1,60651177033216","2,55678027630875","0,799769950898118","1,22935258793314",7
940810102,"-0,186125653318042","-0,700993332043544","-0,414670151170862","-0,633849284314737",7
940810103,,"-1,17470020876824","-0,522620382465882","0,214324702305567",7
940810104,"0,250916228840146","-1,00516301078256","-1,62911025323984","-0,32795046946807",7
940810105,"1,98694370519073","-1,45560007601902","-1,17032177023601","-1,31516937192777",7
940810106,"0,238776176557974","-0,380202359384363","0,745794835250607","-0,383568435803828",7
940810107,"2,09620417573028","-1,48053201689927","-1,19730932805976","-0,884130132825646",7
940810108,"1,20998035913173","-1,24783390201696","-0,981408865469719","-2,63609607240201",7
940810109,"-0,404646594397137","0,0436406355798389","0,260018794423015","-0,842416658073828",7
940810110,"1,12499999315652","-1,04172985740692","-0,306719919875841","-1,24564691400807",7
940810111,"0,542277483612272","-0,709303979003626","0,152068563127995","-0,188905553628676",7
940810112,"0,97931936577046","-1,02843282227079","-0,171782130757065","-0,300141486300191",7
940810113,"-0,708147901451434","-0,0294930576688861","0,34098146789428","-0,439186402139585",7
940810201,"-0,101145287342839","-0,629521768186835","-0,792495960703433","-0,00814716303746449",7
940810202,"0,105235601454083","-0,430066241144857","0,637844603955587","-0,939748099161404",7
940810203,"0,918619104359601","-1,00682514017458","-0,630570613760903","-0,369663944219888",7
940810204,"1,67130234585426","-1,33094037161779","-1,57513513759233","-2,21896132488383",7
940810205,"0,942899208923945","-1,08328309220733","-1,54814757976858","-1,91306251003716",7
940810206,"2,26616490768068","-1,52540951048372","-1,08935909676474","-2,16334335854807",7
940810207,"-0,101145287342839","-0,549739557370044","-0,576595498113392","-0,369663944219888",7
940810208,,"-0,82066664826873","-0,0638318994620449","-1,49592776251898",7
940810209,"-0,48962696037234","-0,182408961734402","0,0441183318329741","-0,786798691738069",7
940810210,"0,542277483612272","-0,627859638794818","0,260018794423015","-1,89915801845322",7
940810211,,"0,450862336623876","0,664832161779342","-1,10660199816867",7
940810212,"-0,380366489832793","0,0885181291642838","0,260018794423015","-0,314045977884131",7
940810301,"0,408736908508381","-0,720938884747741","0,610857046131832","-0,314045977884131",7
940810302,"1,12499999315652","-1,04505411619095","-0,14479457293331","-0,550422334811099",7
940810303,"0,930759156641773","-0,937015705709883","0,34098146789428","0,589745975071929",7
940810304,"0,797218581537882","-0,956961258414081","0,0441183318329741","0,228229193889506",7
940810305,"0,481577222201413","-0,943664223277949","-0,549607940289637","-1,34297835509565",7
940810306,"-0,356086385268449","0,0419785061878224","0,502906814836811","-1,38469182984746",7
940810307,"1,12499999315652","-1,32096759526569","-1,60212269541609","-2,49705115656261",7
940810308,"1,56204187531471","-1,36750721824215","-0,792495960703433","-1,87134903528534",7
940810309,"1,2221204114139","-1,24783390201696","-0,279732362052086","-1,3985963214314",7
940810310,"1,71986255498295","-1,37747999459425","-0,522620382465882","-1,4681187793511",7
940810311,"0,202356019711459","-0,430066241144857","0,961695297840648","-0,411377418971706",7
940810312,"0,27519633340449","-0,436714758712923","0,529894372660566","1,22935258793314",7
